{
  "id": "1",
  "items": [
    {
      "id": "123",
      "quantity": 1,
      "sku": {
        "id": "1",
        "title": "Mini Projector, Hompow 5500L Movie Projector, Smartphone Portable Video Projector 1080P Supported and 176",
        "price": 99.99
      }
    },
    {
      "id": "345",
      "quantity": 1,
      "sku": {
        "id": "2",
        "title": "QGeeM USB C to HDMI Adapter 4K Cable, USB Type-C to HDMI Adapter [Thunderbolt 3 Compatible] Compatible with MacBook Pro 2016-2020,Samsung Galaxy S9/S8,Surface Book 2, Dell XPS 13/15 More Type-C Device",
        "price": 19.99
      }
      },
      {
        "id": "349",
        "quantity": 8,
        "sku": {
          "id": "1",
          "title": " Monitor C to HDMI Adapter 4K Cable, USB Type-C to HDMI Adapter [Thunderbolt 3 Compatible] Compatible with MacBook Pro 2016-2020,Samsung Galaxy S9/S8,Surface Book 2, Dell XPS 13/15 More Type-C Device",
          "price": 79.99
        }
    }
  ],
  "subTotal": 0
}
